0,CombatZoneResize,133,251,508,391,TLResume,
0,HeartTeleport,320,376,,,,
0,HeartMode,1,,,,,
0,TLPause,,,,,,
0.2,BoneV3,128,240,1,0,180,1,3000
0.2,BoneV3,503,240,1,2,180,2,3000
0.2,BoneV3,128,240,1,0,180,1,3000
0.2,BoneV3,503,240,1,2,180,2,3000
0.2,BoneV3,128,240,1,0,180,1,3000
0.2,BoneV3,503,240,1,2,180,2,3000
0.2,BoneV3,128,240,1,0,180,1,3000
0.2,BoneV3,503,240,1,2,180,2,3000
0.2,BoneV3,128,240,1,0,180,1,3000
0.2,BoneV3,503,240,1,2,180,2,3000
0.2,BoneV3,128,240,1,0,180,1,3000
0.2,BoneV3,503,240,1,2,180,2,3000
0.2,BoneV3,128,240,1,0,180,1,3000
0.2,BoneV3,503,240,1,2,180,2,3000
0.2,BoneV3,128,240,1,0,180,1,3000
0.2,BoneV3,503,240,1,2,180,2,3000
0.2,BoneV3,128,240,1,0,180,1,3000
0.2,BoneV3,503,240,1,2,180,2,3000
0.2,BoneV3,128,240,1,0,180,1,3000
0.2,BoneV3,503,240,1,2,180,2,3000
0.2,BoneV3,128,240,1,0,180,1,3000
0.2,BoneV3,503,240,1,2,180,2,3000
0.2,BoneV3,128,240,1,0,180,1,3000
0.2,BoneV3,503,240,1,2,180,2,3000
2.2,BoneV,503,286,100,2,300,1
0.23333,BoneV,503,366,20,2,300,0
0.5,BoneV,503,286,100,2,300,2
0.23333,BoneV,503,366,20,2,300,0
0.5,BoneV,503,286,100,2,300,1
0.23333,BoneV,503,366,20,2,300,0
0.5,BoneV,503,286,100,2,300,2
0.23333,BoneV,503,366,20,2,300,0
0.93333,BoneV,128,366,20,0,300,0
0.4,BoneV,128,286,100,0,300,2
0.33333,BoneV,128,366,20,0,300,0
0.4,BoneV,128,286,100,0,300,1
0.33333,BoneV,128,366,20,0,300,1
0.4,BoneV,128,286,100,0,300,1
0.5,BoneV,503,286,100,2,300,2
0.23333,BoneV,503,366,20,2,300,0
1,BoneVRepeat2,128,257,95,0,180,8,120
0,BoneVRepeat2,128,366,20,0,180,8,120
0,BoneVRepeat2,503,257,95,2,180,8,120
0,BoneVRepeat2,503,366,20,2,180,8,120
6.5,CombatZoneSpeed,100
1.5,CombatZoneResize,200,357,450,391,TLResume,,,
1.5,TLResume
0.5,BoneV,503,286,100,2,50,1
0.5,BoneV,503,286,100,2,50,2
0.5,BoneV,503,286,100,2,50,1
0.5,BoneV,503,286,100,2,50,2
0.5,BoneV,503,286,100,2,50,1
0.5,BoneV,503,286,100,2,50,2
0.5,BoneV,503,286,100,2,50,2
0.5,BoneV,503,286,100,2,50,2
0.5,BoneV,503,286,100,2,50,1
0.5,BoneV,503,286,100,2,50,1
0.5,BoneV,503,286,100,2,50,2
0.5,BoneV,503,286,100,2,50,1
0.5,BoneV,503,286,100,2,50,1
0.5,BoneV,503,286,100,2,50,2
0.5,BoneV,503,286,100,2,50,2
0.5,BoneV,503,286,100,2,50,1
0.5,BoneV,503,286,100,2,50,1
0.5,BoneV,503,286,100,2,50,1
0.5,BoneV,503,286,100,2,50,2
0.5,BoneV,503,286,100,2,50,2
0.5,BoneV,503,286,100,2,50,2
2.99999,EndAttack,,,,,,










